artifact_placement_guard.sh	2026-08-20T20:32:17+0900
ast_spec_gate.sh	2026-08-20T20:49:48+0900
axiom_context_inject.sh	2026-08-20T20:58:01+0900
axiom_enforcement_hook.sh	2026-08-20T20:54:31+0900
cache_registry_enforce.sh	2026-08-17T16:40:45+0900
feature_registry_economic_rationale_check.sh	2026-08-10T01:09:20+0900
lockbox_audit_trail.sh	2026-08-20T20:15:56+0900
pipeline_trigger.sh	2026-08-20T20:57:50+0900
risk_crowding_score_check.sh	2026-08-09T13:18:03+0900
run_all_hooks.sh	2026-08-20T20:54:21+0900
safety_guard.sh	2026-08-20T20:58:01+0900
test_agent_role_guard.sh	2026-08-20T20:54:21+0900
test_worktask_sequence_gate.sh	2026-08-20T20:54:21+0900
worktask_sequence_enforcer.sh	2026-08-20T20:40:03+0900
