"provider","title","category","priority","source_url","dest_subdir","file_name","min_bytes","tags","notes","summary_ko"
"Man AHL","Trend-Following: What's Not to Like?","Institutional_Research",1,"https://americanbeaconfunds.com/wp-content/uploads/2025/08/Trend-Following-Whats-Not-to-Like_AHL-TREND-WP-1.pdf","institutional_research","MAN_AHL_trend_following_whats_not_to_like.pdf",50000,"trend_following;managed_futures;crisis_alpha","Man AHL trend-following research distributed by American Beacon.","추세추종 총정리"
"Acadian","Machine Learning in Quant Investing","Institutional_Research",1,"https://www.acadian-asset.com/-/media/files/thematic-research-paper-pdfs/acadian---machine-learning-in-quant-investing.pdf","institutional_research","ACADIAN_machine_learning_in_quant_investing.pdf",50000,"machine_learning;quant_equity;process","ML in quant process; useful for alpha feature discipline.","퀀트 머신러닝 적용"
"Robeco","Guide to Factor Investing in Equity Markets","Institutional_Research",1,"https://www.robeco.com/docm/docu-robeco-guide-to-factor-investing-global.pdf","institutional_research","ROBECO_guide_to_factor_investing_global.pdf",50000,"factor_investing;value;momentum;low_volatility","Broad factor investing guide.","팩터투자 가이드"
"CFM","The Convexity of Trend Following","Institutional_Research",1,"https://www.cfm.com/wp-content/uploads/2022/12/266-2018-The-Convexity-of-trend-following.pdf","institutional_research","CFM_convexity_of_trend_following.pdf",50000,"trend_following;convexity;crisis_alpha","Capital Fund Management technical note on trend-following convexity.","추세추종 볼록성 분석"
"Scientific Beta","Defensive Equity Investing Without the Implicit Bets","Institutional_Research",1,"https://docs3.scientificbeta.com/Library/External_use/White_papers/Defensive_Equity_Investing_Without_the_Implicit_Bets.pdf","institutional_research","SCIBETA_defensive_equity_without_implicit_bets.pdf",50000,"defensive_equity;low_volatility;quality;implementation","Defensive equity construction without unwanted factor bets.","방어주 숨은 베팅 제거"
"Research Affiliates","A Smoother Path to Outperformance with Multi-Factor Smart Beta","Institutional_Research",1,"https://www.researchaffiliates.com/content/dam/ra/publications/pdf/594-a-smoother-path-to-outperformance.pdf","institutional_research","RA_smoother_path_multifactor_smart_beta.pdf",50000,"multi_factor;smart_beta;diversification","Multi-factor smart beta blend design.","멀티팩터 배합 설계"
"Research Affiliates","Timing Smart Beta Strategies? Of Course! Buy Low, Sell High!","Institutional_Research",1,"https://www.researchaffiliates.com/content/dam/ra/publications/pdf/541-timing-smart-beta.pdf","institutional_research","RA_timing_smart_beta.pdf",50000,"factor_timing;valuation;smart_beta","Relative valuation for factor timing.","팩터 밸류 타이밍"
"Research Affiliates","Ignored Risks of Factor Investing","Institutional_Research",1,"https://www.researchaffiliates.com/content/dam/ra/publications/pdf/686-ignored-risks-of-factor-investing.pdf","institutional_research","RA_ignored_risks_factor_investing.pdf",50000,"factor_crash;momentum;tail_risk","Factor crash and hidden risk diagnostics.","팩터 숨은 위험·크래시"
"Research Affiliates","Cost and Capacity: Comparing Smart Beta Strategies","Institutional_Research",1,"https://www.researchaffiliates.com/content/dam/ra/publications/pdf/625-cost-and-capacity-comparing-smart-beta-strategies.pdf","institutional_research","RA_cost_capacity_smart_beta.pdf",50000,"capacity;turnover;implementation_cost","Capacity and cost constraints for factor portfolios.","팩터 비용·용량 한계"
"GMO","Systematic Equity Product Primer","Institutional_Research",1,"https://www.gmo.com/globalassets/documents---manually-loaded/documents/product-primer/systematic-equity_product-primer.pdf","institutional_research","GMO_systematic_equity_product_primer.pdf",50000,"systematic_equity;value;quality;momentum;alerts","Systematic equity model groups and implementation themes.","시스템 주식운용 입문"
"GMO","Beyond the Factor: GMO's Approach to Value Investing","Institutional_Research",1,"https://www.gmo.com/globalassets/articles/white-paper/2024/gmo_beyond-the-factor---gmos-approach-to-value-investing_etf_11-24.pdf","institutional_research","GMO_beyond_the_factor_value_investing.pdf",50000,"value;quality;fundamental_quant","Value framework with quant and fundamental blend.","밸류 심화 접근법"
"GMO","No Silver Bullets in Investing","Institutional_Research",2,"https://www.gmo.com/globalassets/articles/white-paper/2013/jm_no-silver-bullets_12-13.pdf","institutional_research","GMO_no_silver_bullets_in_investing.pdf",50000,"risk_premia;factor_definition;carry;momentum","Risk premia framing and implementation caution.","리스크프리미아 주의점"
"D.E. Shaw","Market Insights Vol. 4 No. 2","Institutional_Research",2,"https://www.deshaw.com/assets/articles/DESCO_Market_Insights_vol_4_no_2_20121026.pdf","institutional_research","DESHAW_market_insights_vol4_no2_20121026.pdf",50000,"long_short;volatility;market_instability","Market instability and stock-specific alpha context.","시장 불안정성 분석"
"Winton","Winton UCITS Funds ICAV Prospectus 2025","Institutional_Research",2,"https://cdn.winton.com/pdfs/Winton-UCITS-Funds-ICAV-Prospectus-14-March-2025.pdf","institutional_research","WINTON_ucits_funds_icav_prospectus_2025.pdf",50000,"trend_following;carry;relative_value;systematic_macro","Systematic strategy taxonomy across trend, carry, relative value.","시스템 전략 분류 체계"
"Winton","Winton Managed Futures Trend Fund Prospectus 2025","Institutional_Research",2,"https://cdn.winton.com/pdfs/Winton-Managed-Futures-Trend-Fund-Prospectus-2025-10-28.pdf","institutional_research","WINTON_managed_futures_trend_fund_prospectus_2025.pdf",50000,"managed_futures;trend_following;systematic","Managed futures trend process and implementation constraints.","추세추종 운용 구조"
"Classic","The Cross-Section of Expected Stock Returns (Fama-French 1992)","Classic_Seed",1,"https://www.ivey.uwo.ca/media/3775518/the_cross-section_of_expected_stock_returns.pdf","classic_seed","CLASSIC_fama_french_1992_cross_section.pdf",50000,"value;size;beta;cross_section;classic","Fama-French 1992 JF. Foundation of characteristic-based cross-section research. v10 classic seed (2026-08-29).","횡단면 기대수익 원전"
"Classic","Returns to Buying Winners and Selling Losers (Jegadeesh-Titman 1993)","Classic_Seed",1,"https://www.bauer.uh.edu/rsusmel/phd/jegadeesh-titman93.pdf","classic_seed","CLASSIC_jegadeesh_titman_1993_momentum.pdf",50000,"momentum;cross_section;classic","Jegadeesh-Titman 1993 JF. Momentum origin paper. v10 classic seed.","모멘텀 원전"
"Classic","The Other Side of Value: The Gross Profitability Premium (Novy-Marx 2013)","Classic_Seed",1,"http://rnm.simon.rochester.edu/research/OSoV.pdf","classic_seed","CLASSIC_novy_marx_gross_profitability.pdf",50000,"profitability;quality;value;classic","Novy-Marx 2013 JFE. Gross profitability premium. v10 classic seed.","매출총이익 프리미엄"
"Classic","Betting Against Beta (Frazzini-Pedersen 2014)","Classic_Seed",1,"http://docs.lhpedersen.com/BettingAgainstBeta.pdf","classic_seed","CLASSIC_frazzini_pedersen_bab.pdf",50000,"low_beta;low_volatility;leverage_constraint;classic","Frazzini-Pedersen 2014 JFE. BAB factor. v10 classic seed.","저베타 이상현상 원전"
"Classic","Quality Minus Junk (Asness-Frazzini-Pedersen)","Classic_Seed",1,"https://www.aqr.com/-/media/AQR/Documents/Insights/White-Papers/Quality-Minus-Junk-Original-Version.pdf","classic_seed","CLASSIC_asness_qmj.pdf",50000,"quality;profitability;safety;classic","Asness-Frazzini-Pedersen QMJ original white paper. v10 classic seed.","퀄리티 팩터 원전"
"Classic","Value and Momentum Everywhere (Asness-Moskowitz-Pedersen 2013)","Classic_Seed",1,"http://docs.lhpedersen.com/ValMomEverywhere.pdf","classic_seed","CLASSIC_value_momentum_everywhere.pdf",50000,"value;momentum;multifactor;combination;classic","AMP 2013 JF. Value-momentum combination across markets. v10 classic seed (멀티팩터 결합 축).","밸류·모멘텀 결합 원전"
"Classic","Time Series Momentum (Moskowitz-Ooi-Pedersen 2012)","Classic_Seed",1,"http://docs.lhpedersen.com/TimeSeriesMomentum.pdf","classic_seed","CLASSIC_time_series_momentum.pdf",50000,"time_series_momentum;trend;overlay;classic","MOP 2012 JFE. TS momentum. v10 classic seed (리스크 오버레이 축).","시계열 모멘텀 원전"
"Classic","Momentum Crashes (Daniel-Moskowitz 2016)","Classic_Seed",1,"http://www.kentdaniel.net/papers/published/mom4c.pdf","classic_seed","CLASSIC_momentum_crashes.pdf",50000,"momentum_crash;tail_risk;overlay;classic","Daniel-Moskowitz 2016 JFE. Momentum crash dynamics. v10 classic seed (리스크 오버레이 축).","모멘텀 크래시 원전"
"Classic","Benchmarks as Limits to Arbitrage: The Low-Volatility Anomaly (Baker-Bradley-Wurgler 2011)","Classic_Seed",1,"http://people.stern.nyu.edu/jwurgler/papers/faj-benchmarks.pdf","classic_seed","CLASSIC_baker_wurgler_low_vol.pdf",50000,"low_volatility;benchmark;limits_to_arbitrage;classic","BBW 2011 FAJ. Low-volatility anomaly mechanism. v10 classic seed.","저변동성 이상현상 기전"
"Classic","Optimal Versus Naive Diversification: 1/N (DeMiguel-Garlappi-Uppal 2009)","Classic_Seed",1,"http://faculty.london.edu/avmiguel/DeMiguel-Garlappi-Uppal-RFS.pdf","classic_seed","CLASSIC_demiguel_1n_diversification.pdf",50000,"portfolio_construction;weighting;estimation_error;classic","DGU 2009 RFS. 1/N vs optimized weights. v10 classic seed (비중결정방법론 축).","1/N 비중 논쟁 원전"
"Classic","Empirical Asset Pricing via Machine Learning (Gu-Kelly-Xiu 2020)","Classic_Seed",1,"https://dachxiu.chicagobooth.edu/download/ML.pdf","classic_seed","CLASSIC_gu_kelly_xiu_ml.pdf",50000,"machine_learning;cross_section;multifactor;classic","GKX 2020 RFS. ML for cross-section prediction. v10 classic seed (멀티팩터 결합 축).","ML 횡단면 예측 정전"
